index,Isolate,aadA2=COMPLETE,blaCARB-2=COMPLETE,floR=COMPLETE,gyrA_D82N=POINT,mdsA=COMPLETE,mdsB=COMPLETE,sul1=COMPLETE,sul1=PARTIAL_END_OF_CONTIG,tet(G)=COMPLETE,aac(3)-IIe=COMPLETE,aac(6')-Ib-cr5=COMPLETE,aadA1=COMPLETE,aph(3'')-Ib=COMPLETE,aph(6)-Id=COMPLETE,blaCTX-M-15=COMPLETE,blaOXA-1=COMPLETE,blaTEM-1=COMPLETE,blaTEM-40=COMPLETE,catA1=COMPLETE,catB3=PARTIAL,catB3=PARTIAL_END_OF_CONTIG,dfrA14=COMPLETE,fosA7.6=COMPLETE,qnrB1=COMPLETE,sul2=COMPLETE,tet(A)=COMPLETE,blaOXA=COMPLETE,blaTEM=COMPLETE,dfrA1=COMPLETE,sul2=PARTIAL_END_OF_CONTIG,aac(3)-IId=MISTRANSLATION,aph(3')-Ia=COMPLETE,armA=COMPLETE,arr-3=COMPLETE,blaCMY-2=COMPLETE,catB3=COMPLETE,dfrA12=COMPLETE,mph(A)=COMPLETE,mph(E)=COMPLETE,msr(E)=COMPLETE,qnrS1=COMPLETE,aac(3)-IId=COMPLETE,aac(6')-Ib3=COMPLETE,blaCMY-4=COMPLETE,blaDHA=PARTIAL,blaNDM-1=COMPLETE,ble=COMPLETE,gyrA_D87G=POINT,gyrA_S83Y=POINT,parC_S80I=POINT,dfrA7=COMPLETE,gyrA_S83F=POINT,gyrA_D87Y=POINT,AST phenotypes
0,PDT000077417.3,1,1,1,1,1,1,1,1,1,0,0,0,0,0,0,0,0,0,0,0,0,0,0,0,0,0,0,0,0,0,0,0,0,0,0,0,0,0,0,0,0,0,0,0,0,0,0,0,0,0,0,0,0,0
1,PDT000838019.1,0,0,0,0,1,1,0,0,0,1,1,1,1,1,1,1,1,1,1,1,1,1,1,1,1,1,0,0,0,0,0,0,0,0,0,0,0,0,0,0,0,0,0,0,0,0,0,0,0,0,0,0,0,0
2,PDT000838021.1,0,0,0,0,1,1,0,0,0,1,1,1,1,1,1,1,1,0,1,1,1,1,1,1,1,1,1,0,0,0,0,0,0,0,0,0,0,0,0,0,0,0,0,0,0,0,0,0,0,0,0,0,0,0
3,PDT000838022.1,0,0,0,0,1,1,0,0,0,1,1,1,1,1,1,1,1,0,1,1,1,1,0,1,1,1,0,1,0,0,0,0,0,0,0,0,0,0,0,0,0,0,0,0,0,0,0,0,0,0,0,0,0,0
4,PDT000838020.1,0,0,0,0,1,1,1,0,0,1,1,1,1,1,1,1,1,0,1,1,1,1,0,1,1,1,0,0,1,1,0,0,0,0,0,0,0,0,0,0,0,0,0,0,0,0,0,0,0,0,0,0,0,0
5,PDT000555592.1,1,0,1,0,1,1,1,0,0,0,1,0,1,1,0,1,1,0,0,0,0,0,0,0,1,1,0,0,0,0,1,1,1,1,1,1,1,1,1,1,1,0,0,0,0,0,0,0,0,0,0,0,0,0
6,PDT000289870.1,0,0,0,0,1,1,0,0,0,0,0,0,0,0,0,0,0,0,0,0,0,0,0,0,0,0,0,0,0,0,0,0,0,0,0,0,0,0,0,0,0,0,0,0,0,0,0,0,0,0,0,0,0,0
7,PDT000382358.1,0,0,0,0,1,1,1,0,0,1,0,0,1,1,0,0,1,0,0,0,0,0,0,0,0,0,0,0,0,0,0,0,1,0,0,0,0,0,1,1,0,1,1,1,1,1,1,1,1,1,0,0,0,1
8,PDT000855214.1,0,0,0,0,0,0,1,0,0,0,0,0,1,1,1,0,1,0,1,0,0,0,0,0,1,1,0,0,0,0,0,0,0,0,0,0,0,0,0,0,1,0,0,0,0,0,0,0,0,0,1,1,0,0
9,PDT000855215.1,0,0,0,0,0,0,1,0,0,0,0,0,1,1,1,0,1,0,1,0,0,0,0,0,1,1,0,0,0,0,0,0,0,0,0,0,0,0,0,0,1,0,0,0,0,0,0,0,0,0,1,1,0,0
10,PDT000855213.1,0,0,0,0,0,0,0,0,0,0,0,0,0,0,0,0,0,0,0,0,0,0,0,0,0,0,0,0,0,0,0,0,0,0,0,0,0,0,0,0,0,0,0,0,0,0,0,0,0,0,0,0,1,0
